CurrentTime,RealGazePos_x,RealGazePos_y,RealGazePos_z
0.2286577,4.70542,2.125521,-35.91844
0.4286575,4.70542,2.125521,-35.91844
0.6486568,4.285986,1.032907,-36.01596
0.8486576,5.035742,1.017938,-36.04325
1.078657,7.102759,1.52904,-36.42266
1.278657,6.725195,0.9890121,-36.37295
1.498657,3.500952,0.8809173,-36.09299
1.718657,4.98728,0.6841079,-36.10218
1.948657,6.688208,0.8832128,-36.3811
2.148657,6.074927,1.000868,-36.20023
2.348658,5.741675,1.06311,-36.12502
2.578657,2.827612,1.680304,-36.09264
2.778657,3.381445,2.763225,-35.98731
3.008657,2.32334,3.117025,-36.22498
3.208657,2.4094,2.918011,-36.18442
3.408657,2.589209,2.780673,-36.13101
3.608657,3.017676,2.438033,-36.03125
3.808658,2.940161,2.563697,-36.04798
4.028657,6.584326,1.731646,-36.23703
4.228657,4.757788,1.519375,-35.9588
4.428658,4.069556,1.502533,-35.9593
4.628657,4.069556,1.502533,-35.9593
4.828657,4.069556,1.502533,-35.9593
5.028657,4.636206,1.626791,-35.94408
5.228658,4.52854,1.883626,-35.92323
5.448657,3.384619,1.949208,-35.98365
5.648658,2.839331,1.848728,-36.07819
5.848657,3.585059,2.098437,-35.95492
6.048657,3.800635,2.288824,-35.93261
6.248656,3.890845,2.364653,-35.92637
6.448657,3.871802,2.501103,-35.92947
6.648658,3.92771,2.414795,-35.92451
6.848657,3.94065,2.473352,-35.92467
7.048657,3.965918,2.431317,-35.92256
7.248656,3.953101,2.457654,-35.92365
7.448657,4.005225,2.444914,-35.92076
7.688657,5.060523,2.12577,-35.93982
7.888658,4.547949,2.222491,-35.91208
8.128657,-0.2298827,1.882601,-37.40096
8.328656,2.078589,2.007903,-36.2609
8.528657,2.869116,1.801645,-36.07537
8.728658,2.704199,2.082236,-36.09559
8.928657,2.736182,2.163059,-36.08665
9.128657,2.810889,2.436385,-36.07032
9.348657,7.62522,1.709122,-36.61492
9.598657,2.440772,2.433398,-36.15445
9.818658,5.156104,1.936622,-35.95533
10.01866,4.580542,2.224357,-35.91272
10.30866,6.67832,1.800024,-36.25929
10.51866,6.485693,1.981367,-36.19443
10.71866,6.388159,1.966384,-36.16941
10.91866,6.12229,2.249092,-36.09809
11.11866,6.120703,2.154052,-36.09921
11.31866,6.228125,2.195489,-36.12286
11.51866,6.228125,2.195489,-36.12286
11.71866,6.541602,2.138213,-36.2043
11.91866,6.534277,1.998396,-36.207
12.11866,6.421607,2.004514,-36.17636
12.34866,1.557837,1.951097,-36.44131
12.54866,3.143652,1.726069,-36.03209
12.76866,3.509985,1.773071,-35.97894
12.96866,3.512915,2.109818,-35.96227
13.18866,1.710791,1.984278,-36.38325
13.38866,3.421118,1.880585,-35.98267
13.58866,3.87522,2.064224,-35.9315
13.78866,3.778052,2.181291,-35.9356
13.98866,3.758765,2.007812,-35.94212
14.18866,3.9,2.163264,-35.92736
14.38866,3.829443,2.137133,-35.93262
14.58866,3.722022,1.841187,-35.95354
14.79866,5.660986,1.207591,-36.08956
14.99866,5.578345,1.386129,-36.0532
15.19866,5.614844,1.471355,-36.04904
15.43866,1.841406,2.262816,-36.3306
15.63866,3.264136,1.981639,-35.9986
15.83866,3.999732,2.229899,-35.92062
16.03866,4.00022,2.433796,-35.92085
16.23866,3.885474,2.432179,-35.92741
16.43866,3.831885,2.458301,-35.93143
16.63866,4.509619,2.309209,-35.91078
16.87866,6.689429,1.348159,-36.30721
17.07866,5.720801,1.20069,-36.10031
17.27866,4.600562,1.301832,-35.97835
17.47866,4.647559,1.289273,-35.98132
17.67866,4.568945,1.406982,-35.96473
17.87866,4.54978,1.46615,-35.95776
18.09866,1.827368,1.617895,-36.36808
18.36866,8.440649,1.725883,-37.0316
18.56866,6.256079,1.978722,-36.13614
18.76866,6.276709,2.072052,-36.13743
18.96866,6.51853,2.114569,-36.19855
19.16866,6.636206,2.241086,-36.22942
19.36866,6.824561,2.117536,-36.28909
19.56866,6.911475,2.032599,-36.32013
19.76866,7.212866,1.825003,-36.43756
19.98866,3.295386,1.687888,-36.01231
20.18866,4.073462,1.676611,-35.9431
20.38866,3.824805,1.499728,-35.97363
20.63866,0.219214,1.87522,-37.10432
20.83866,2.573462,1.705069,-36.14612
21.03865,3.617285,2.02701,-35.95409
21.23866,3.561621,1.7969,-35.97172
21.43866,3.561621,1.7969,-35.97172
21.74866,4.306006,1.738265,-35.93221
21.94865,3.912329,0.8197402,-36.06816
22.17866,1.955664,0.3907547,-36.54235
22.40866,4.025488,0.7685957,-36.07191
22.62865,5.442847,0.8801365,-36.111
22.85865,6.717139,0.8431233,-36.39772
23.05865,5.9719,0.7819529,-36.21924
23.25866,6.422217,0.8205204,-36.31748
23.45866,5.509863,1.340067,-36.04886
23.65866,5.11521,1.878527,-35.95467
23.85865,5.11521,1.878527,-35.95467
24.05865,5.12815,1.920032,-35.95362
24.25866,5.175147,1.582812,-35.98241
24.45866,5.153296,1.523474,-35.98609
24.65866,3.538306,1.351833,-36.01635
24.87865,5.32395,1.331671,-36.02595
25.07866,5.304663,1.566,-35.9977
25.27866,4.872412,1.526126,-35.96407
25.47866,4.842139,1.447743,-35.97057
25.69865,6.805396,1.415461,-36.33466
25.89865,5.247778,1.680052,-35.9813
26.09866,4.706397,2.424529,-35.91656
26.29866,5.056006,2.644715,-35.94344
26.49866,4.94895,2.991936,-35.95679
26.69865,4.969086,3.048384,-35.28394
26.89865,5.105764,2.878842,-34.42928
27.12865,3.858006,0.7149795,-33.25802
27.37865,4.040251,-0.4826505,-32.2808
27.57866,4.034919,-0.02488399,-31.13234
27.77866,3.560494,0.8684227,-29.90829
27.97866,2.844692,0.8596948,-28.9908
28.17866,2.708702,0.8342692,-28.8559
28.37865,2.223737,1.573708,-26.93821
28.57866,1.54288,1.530474,-26.06539
28.77866,1.229124,1.136756,-25.119
28.97866,3.881397,1.189767,-24.01682
29.19865,3.730834,1.064416,-22.94717
29.39865,4.392784,1.1693,-22.01942
29.59866,5.068264,1.477273,-21.08748
29.79866,6.394371,1.258569,-20.25802
30.02866,6.104228,1.574161,-19.01242
30.22866,6.138969,1.350549,-18.01086
30.42866,5.858785,1.623467,-16.93893
30.62865,5.84265,1.627223,-16.88692
30.83866,4.904225,2.3576,-14.76518
31.03865,5.017408,1.990392,-13.74297
31.23866,4.592624,1.537367,-12.76441
31.43866,4.593136,1.42168,-12.67266
31.63866,4.191307,1.463267,-10.73998
31.85865,3.012575,0.7854795,-9.865721
32.05865,4.156263,1.336434,-8.600149
32.25866,4.170276,1.686094,-7.55884
32.48866,6.406547,1.633712,-6.991704
32.70866,4.174952,1.59764,-6.741518
32.90866,4.251269,1.704206,-6.731073
33.11866,7.405873,1.877373,-7.302046
33.31866,7.191905,1.75733,-7.227101
33.51865,7.326208,1.546366,-7.297565
33.76865,3.285681,2.181949,-6.786513
33.96865,3.781371,1.891106,-6.742351
34.16866,3.782627,1.981698,-6.737889
34.36866,4.270517,2.008184,-6.713302
34.56866,4.298892,1.941482,-6.715821
34.76865,4.225976,2.003064,-6.714447
34.96865,4.237451,1.997206,-6.714401
35.16866,4.198643,1.999169,-6.715312
35.38866,7.245737,1.629393,-7.258063
35.61866,6.745586,1.330081,-7.119596
35.81866,5.993676,1.570908,-6.900735
36.01865,6.188283,1.702362,-6.931049
36.21865,6.06212,1.689488,-6.904379
36.41866,4.559926,1.268732,-6.777333
36.61866,4.564362,1.209268,-6.785575
36.81866,4.531898,1.001479,-6.817127
37.01865,4.658171,0.9385111,-6.830843
37.25866,6.155614,1.314382,-6.964582
37.45866,6.237085,1.303165,-6.984823
37.67865,4.266641,1.480659,-6.751886
37.87865,4.810386,1.060167,-6.816656
38.07866,5.126432,1.424423,-6.789138
38.27866,5.091022,1.641779,-6.764302
38.47866,5.077772,1.746034,-6.754898
38.67865,5.032278,1.840447,-6.744928
38.87865,5.065472,1.899724,-6.744143
39.07866,5.041067,1.273962,-6.800435
39.32866,3.618236,0.1422827,-7.050143
39.55865,4.60698,1.129172,-6.798285
39.75866,4.019549,1.233526,-6.790327
39.95866,4.04572,1.300132,-6.780133
40.15866,3.982556,1.293187,-6.784186
40.35865,3.970786,1.317249,-6.781708
40.60865,1.147184,1.517846,-7.445922
40.80865,3.215623,2.063888,-6.799748
41.00866,3.251479,2.175589,-6.791555
41.22866,3.876109,1.197888,-6.803686
41.45866,4.05875,1.828362,-6.728982
41.67865,6.054799,1.476784,-6.923096
41.87865,5.828432,1.266443,-6.904331
42.07866,5.240897,1.33631,-6.810867
42.27866,4.864738,1.285668,-6.786813
42.47866,4.805776,1.304749,-6.781124
42.67865,5.38201,1.378943,-6.821767
42.89865,6.563074,1.437423,-7.052617
43.10865,4.197293,1.78001,-6.727274
43.30865,4.253755,1.919776,-6.717713
43.50866,4.217432,2.391936,-6.708458
43.70866,4.15625,2.582721,-6.713991
43.90866,4.161969,2.553093,-6.712964
44.10865,4.161969,2.553093,-6.712964
44.32866,6.184122,0.9059041,-7.035496
44.52866,5.854299,1.018081,-6.94673
44.72866,5.24701,1.116934,-6.842132
44.92865,5.107662,1.249308,-6.809317
45.12865,5.108219,1.317056,-6.800426
45.32866,5.116587,1.297311,-6.803726
45.54866,3.485404,1.379633,-6.815835
45.74866,4.214103,1.802416,-6.725296
45.94865,3.940468,1.910576,-6.730375
46.14865,3.945141,2.000312,-6.725889
46.34866,3.945141,2.000312,-6.725889
46.54866,3.905657,1.851538,-6.735825
46.74866,5.668545,1.317074,-6.870156
46.94865,5.665743,1.22006,-6.882804
47.16866,8.4785,1.123671,-7.923796
47.40866,4.572413,1.821267,-6.72347
47.60865,4.558704,1.749855,-6.727921
47.80865,3.7799,1.900623,-6.742011
48.05865,8.693831,1.720581,-7.977206
48.25866,6.49179,1.319736,-7.047394
48.45866,5.176052,1.629611,-6.773152
48.66866,6.948039,1.259238,-7.194686
48.86866,6.767732,1.318075,-7.128092
49.06866,6.773932,1.252032,-7.139084
49.26865,6.777836,1.218735,-7.145129
49.46865,6.809926,1.169308,-7.162575
49.66866,6.803352,1.150041,-7.163579
49.86866,6.82438,1.105668,-7.177315
50.06866,6.910979,1.117144,-7.203739
50.30865,3.146688,1.603448,-6.839209
50.50866,2.600337,1.554044,-6.95135
50.74865,7.966482,1.568792,-7.580336
50.94865,7.141946,1.853376,-7.201961
51.14865,6.722238,2.123068,-7.050227
51.34866,6.86617,2.355446,-7.092588
51.54866,6.760142,2.325498,-7.059188
51.74865,6.86569,2.226756,-7.093012
51.94865,7.019072,1.708643,-7.168713
52.14865,7.310932,1.408196,-7.307326
52.39865,2.962438,1.038683,-6.94368
52.59866,4.099923,1.152734,-6.798293
52.85865,9.034971,1.018343,-8.311047
53.08865,3.693836,1.509868,-6.779677
53.29865,3.376779,1.677527,-6.799288
53.49866,4.096288,1.761928,-6.731796
53.69865,4.339529,1.956501,-6.71473
53.89866,4.156938,2.153199,-6.711722
54.09866,4.178992,2.380702,-6.709432
54.29865,4.172053,2.459834,-6.710493
54.49866,4.158379,2.427672,-6.710469
54.70866,5.030121,1.573084,-6.765511
54.91866,3.814895,1.445055,-6.77672
55.11865,3.791321,1.465664,-6.776243
55.31866,4.137046,1.757514,-6.730729
55.51865,3.606688,1.649368,-6.774924
55.76865,1.425634,1.801953,-7.301522
55.96866,2.783213,2.095998,-6.876204
56.16866,2.668226,1.914682,-6.908387
56.36865,2.866285,2.072273,-6.860138
56.61865,5.783857,1.401997,-6.879137
56.83865,2.75264,1.99918,-6.886091
57.03866,3.057595,2.164033,-6.822516
57.26865,6.512745,2.142455,-6.98955
57.46866,5.481491,2.033211,-6.783422
57.67866,6.97313,2.150542,-7.129914
57.87865,5.835104,2.00535,-6.840464
58.13866,1.842456,2.616255,-7.134443
58.35866,2.486224,1.622721,-6.972186
58.55865,3.168433,1.040459,-6.907728
58.75865,3.322136,1.524682,-6.820615
58.95866,3.137761,2.283991,-6.807641
59.15865,3.566067,2.361051,-5.951472
59.35866,3.621418,2.521295,-5.388535
59.57865,7.060745,1.508723,-4.248121
59.77866,5.865894,1.428341,-3.269221
59.97865,4.98034,1.669696,-1.754204
60.17866,4.804497,1.552494,-0.7732859
60.37865,4.804497,1.552494,-0.7732859
60.57865,4.804497,1.552494,-0.7732859
60.77866,4.804497,1.552494,-0.7732859
60.97865,4.804497,1.552494,-0.7732859
61.17866,4.910328,1.435901,4.345862
61.37865,4.808683,1.395166,5.367511
61.57865,2.626269,1.341632,6.083632
61.77866,2.533991,1.241523,7.05373
61.97865,1.604947,1.334517,7.899178
62.17866,0.9708703,1.404772,8.787349
62.37865,1.752879,1.355083,9.941508
62.57865,3.570869,1.412868,10.94806
62.77866,3.184275,1.356619,12.02718
62.97865,3.759288,1.486224,13.00451
63.17866,3.904725,1.166268,13.53305
63.38866,3.416744,2.102245,15.15587
63.59866,6.479735,1.318122,15.65597
63.79865,6.557341,1.204509,16.65367
63.99866,6.13967,1.087107,17.80685
64.20866,4.244573,1.053157,19.19864
64.40865,3.949132,1.528088,20.22662
64.60866,4.26658,1.492826,21.28432
64.80865,5.091037,1.68285,22.262
65.00865,4.976904,1.457099,23.24689
65.20866,4.946661,1.530875,23.24886
65.40865,4.991939,1.268827,23.21455
65.60866,4.78495,1.142909,23.20704
65.80865,4.738874,0.8663783,23.16261
66.01865,3.625403,1.80797,23.25274
66.21866,3.817633,1.707563,23.26133
66.41866,5.151021,1.584252,23.23248
66.61865,4.801227,1.888925,23.28144
66.81866,4.687668,1.805385,23.28169
67.01865,4.804738,1.842498,23.27859
67.21866,4.768003,1.730803,23.27298
67.42866,6.081763,1.680739,23.09401
67.62865,5.25483,1.660596,23.22846
67.82865,5.232364,1.817983,23.24247
68.02866,3.308769,1.90997,23.22243
68.22865,4.391776,2.912719,23.28307
68.42866,4.704629,3.045258,23.26535
68.62865,4.871766,3.069675,23.25448
68.82865,4.768725,3.125809,23.25478
69.02866,4.81265,3.204094,23.2442
69.22865,4.826029,3.124205,23.25195
69.42866,4.672527,2.913197,23.27752
69.62865,4.747172,2.998452,23.2676
69.82865,4.781561,3.097421,23.25702
70.02866,4.750202,3.167964,23.25135
70.22865,4.674175,3.085565,23.26285
70.44865,6.270291,1.483227,23.03131
70.69865,8.053427,1.691114,22.38066
70.89865,5.811309,2.401093,23.17437
71.09866,5.606259,2.583304,23.20521
71.29865,5.82447,2.619387,23.16683
71.49866,5.869936,2.638436,23.15763
71.69865,5.876175,2.662122,23.15546
71.89865,5.944212,2.637996,23.14317
72.09866,6.022888,2.650251,23.12643
72.29865,6.05595,2.72085,23.11617
72.49866,6.14801,2.667977,23.09828
72.69865,6.070766,2.692054,23.11437
72.90865,4.433522,2.342384,23.30442
73.10866,4.690219,2.084489,23.29489
73.32865,1.6906,1.914114,22.82957
73.52866,3.801769,2.914099,23.26231
73.72865,3.89387,2.357098,23.29018
73.92866,3.823289,2.763107,23.27365
74.12865,3.852108,3.450808,23.20777
74.32865,3.618544,3.049581,23.23581
74.52866,3.618544,3.049581,23.23581
74.72865,3.684094,2.262663,23.27453
74.96866,5.989888,2.342102,23.14007
75.16866,5.957346,2.399316,23.14639
75.36865,5.862864,2.406213,23.16473
75.58865,7.221082,2.829854,22.76437
75.78866,6.775563,1.781572,22.91673
75.99866,7.433427,1.873302,22.68327
76.19865,7.707429,1.974372,22.5692
76.39865,7.301577,2.423353,22.74962
76.59866,7.366451,2.249327,22.72412
76.79865,7.259547,2.042477,22.76133
76.99866,7.42473,2.07433,22.69647
77.19865,6.607789,1.641016,22.95639
77.39865,7.766431,2.303985,22.55037
77.62865,4.071198,2.672879,23.29138
77.82865,6.909207,2.249382,22.89242
78.02866,6.882908,2.246072,22.90115
78.22865,7.149971,2.263826,22.80787
78.42866,6.913062,2.51601,22.88911
78.62865,7.017097,2.600443,22.85086
78.82865,7.164697,2.52712,22.79988
79.03866,4.955838,1.586407,23.24931
79.23866,4.292271,1.68527,23.27871
79.43865,4.928974,1.730969,23.26338
79.63866,4.833351,1.765509,23.27196
79.83865,4.42565,1.881846,23.29228
80.03866,4.354874,1.924459,23.29466
80.23866,4.779873,2.028561,23.28896
80.43865,4.815009,2.044543,23.28764
80.67866,1.276903,1.788551,22.6607
80.87865,1.880832,1.776212,22.88604
81.07865,2.512866,1.937523,23.07514
81.27866,2.334885,2.226135,23.03939
81.47865,2.299568,2.284869,23.03064
81.68865,4.28086,2.687702,23.29594
81.89865,6.474093,1.801974,23.00675
82.14865,2.030112,1.966134,22.94481
82.34866,2.028581,2.001776,22.94588
82.59866,5.978401,1.99852,23.13565
82.79865,7.053464,1.801297,22.82492
83.01865,4.816975,1.898441,23.28107
83.21865,3.428999,2.393566,23.24827
83.41866,3.731414,2.153129,23.27694
83.61865,3.746549,2.560268,23.2765
83.81866,3.833255,2.389138,23.28607
84.01865,3.565938,2.483287,23.26213
84.23866,5.972241,1.733177,23.12127
84.43865,5.614942,1.721479,23.185
84.68865,2.257556,1.612909,22.9864
84.88866,1.995058,1.546949,22.90262
85.08865,2.238177,1.541487,22.97396
85.31866,2.694234,1.507561,23.0832
85.51865,2.723608,1.306568,23.06581
85.71865,1.943517,1.560572,22.88776
85.91866,2.378021,1.667139,23.0233
86.14865,5.070295,1.325963,23.21162
86.37865,6.554499,0.5973649,22.80576
86.57865,6.614212,0.6198436,22.79328
86.77866,6.649636,0.6346656,22.786
86.98866,5.170965,1.851088,23.25095
87.18865,5.07067,1.794475,23.25677
87.38866,5.018753,1.844472,23.26426
87.59866,6.827943,0.9985228,22.80298
87.80865,5.14337,1.78341,23.24931
88.00865,5.121858,1.786895,23.25164
88.24866,9.592865,1.917421,21.35541
88.48866,7.533893,1.372987,22.5928
88.68865,6.038411,1.585719,23.09487
88.88866,5.896361,1.274766,23.08821
89.08865,5.896361,1.274766,23.08821
89.28866,5.980027,1.807888,23.12508
89.48866,6.260938,1.682736,23.05267
89.68865,6.022676,1.579991,23.09775
89.88866,6.100471,1.488717,23.07155
90.08865,6.037538,1.511647,23.08778
90.28866,5.951411,1.5455,23.10914
90.48866,5.915719,1.565666,23.11824
90.69865,3.30551,1.851133,23.21871
90.89865,6.052452,1.49937,23.08327
91.09866,5.83269,1.515712,23.12911
91.29865,5.747868,1.545648,23.24152
91.49866,4.908604,1.618479,24.33385
91.69865,4.659442,1.497068,24.92129
91.90865,3.491881,0.8559437,26.17526
92.12865,2.792293,1.026016,27.17232
92.34866,3.536524,-0.7850621,27.71502
92.55865,2.975628,1.411119,29.68293
92.76865,3.642688,0.6126041,30.65792
92.96865,3.753972,0.923771,31.1404
93.16866,3.768896,1.221769,32.79439
93.36865,3.880027,1.330377,33.81525
93.56866,4.890563,1.229083,34.71853
93.78865,3.738977,0.8251476,35.89709
93.98866,3.646447,1.142531,36.93276
94.18865,3.282024,1.204185,37.98427
94.38866,3.452465,1.342091,38.66068
94.59866,4.702652,1.328762,40.06552
94.79865,5.323561,1.516623,41.00837
94.99866,5.28161,1.407366,42.03066
95.19865,6.257557,1.36764,42.80927
95.40865,3.95065,1.577217,44.23648
95.60866,4.02284,1.359035,45.23894
95.80865,3.982557,1.411981,46.2625
96.00865,4.105591,1.326234,47.28191
96.20866,5.14662,1.413522,48.24771
96.40865,5.749881,1.32553,49.18998
96.60866,5.899763,1.43618,50.16035
96.80865,5.86912,1.295138,51.22654
97.00865,5.838681,1.445915,52.25043
97.20866,5.701202,1.307306,53.13167
97.40865,5.637717,1.301369,53.13761
97.60866,3.567258,1.285204,53.19149
97.80865,3.816255,2.002543,53.27228
98.00865,3.405084,1.41705,53.18631
98.20866,3.300318,1.416921,53.17228
98.44865,7.336251,1.074005,52.63181
98.64865,7.005321,1.326449,52.79403
98.86865,3.430426,1.765241,53.22141
99.06866,3.435787,1.653569,53.21334
99.26865,3.476525,1.748485,53.22564
99.46865,3.498875,1.720204,53.22612
99.66866,3.526217,1.677539,53.22578
99.86865,3.384377,1.633979,53.20536
100.0687,3.513826,1.650723,53.22216
100.2687,3.165297,1.617513,53.17284
100.4987,2.897611,1.598959,53.12476
100.6987,3.961507,1.728173,53.26526
100.8987,4.062541,1.955578,53.28388
101.0987,4.055229,1.980844,53.2847
101.2987,4.164687,1.985796,53.28875
101.4987,3.920772,1.921319,53.27507
101.7087,6.08024,1.6709,53.09158
101.9087,5.748542,1.695371,53.15816
102.1087,5.865367,1.674564,53.13546
102.3087,5.896935,1.71076,53.13228
102.5087,5.825279,1.734114,53.14752
102.7187,3.495921,1.936124,53.23928
102.9187,3.552343,1.983803,53.24765
103.1187,3.811619,1.788834,53.26002
103.3187,3.90883,2.210087,53.28371
103.5187,3.974037,2.077979,53.28447
103.7187,3.946383,2.015978,53.28075
103.9187,3.848154,2.067255,53.27649
104.1287,6.243059,1.645041,53.05232
104.3287,6.229967,1.766743,53.06518
104.5287,6.196071,1.795104,53.07516
104.7287,6.224635,1.783125,53.06758
104.9287,6.221045,1.835585,53.07195
105.1287,6.224567,1.831485,53.07082
105.3387,7.647076,2.000042,52.5999
105.5387,6.366385,2.030413,53.04609
105.7387,5.697427,1.938504,53.18246
105.9387,5.748919,2.125809,53.18077
106.1387,5.695859,2.182046,53.19092
106.3387,5.691977,2.237346,53.19238
106.5387,5.778067,2.001339,53.17153
106.7387,6.179645,1.341648,53.03465
106.9387,5.34739,1.237004,53.1671
107.1387,5.962421,0.9693742,53.02551
107.3387,5.840256,0.9324076,53.04276
107.5387,5.710873,0.8561424,53.05186
107.7387,5.522796,0.7968165,53.07003
107.9487,3.75642,1.488156,53.22988
108.1587,5.706502,0.5469185,52.98754
108.3687,4.378873,2.243984,53.29876
108.5787,6.234877,1.191402,53.00102
108.7787,6.568653,0.8846711,52.8615
108.9787,6.674714,0.924319,52.83757
109.1787,6.845592,0.8488631,52.7692
109.4087,4.546895,2.05882,53.29323
109.6087,4.552235,2.009531,53.29133
109.8087,4.510798,1.927212,53.28838
110.0087,4.518034,1.968911,53.29029
110.2087,4.594341,2.011128,53.29046
110.4187,6.444141,1.49485,52.9868
110.6387,4.331287,1.753451,53.27848
110.8487,2.439427,1.88877,53.04495
111.0787,4.177084,1.687486,53.27081
111.3187,5.760653,1.154137,53.09381
111.5387,6.104456,1.275398,53.04299
111.7387,6.071361,1.670928,53.09356
111.9387,6.146146,1.854747,53.09032
112.1387,6.218252,1.976954,53.08015
112.3387,6.401399,2.033652,53.03724
112.5387,6.731105,1.923415,52.93911
112.7587,4.975131,1.344249,53.21737
112.9687,7.254115,1.457739,52.71915
113.1687,6.610411,1.444463,52.93484
113.3687,6.539385,0.8148094,52.85618
113.5787,4.179731,1.657169,53.26846
113.7787,4.619606,1.434986,53.24621
113.9987,7.363249,1.384666,52.66722
114.1987,6.948262,1.567417,52.8419
114.3987,6.918769,1.57338,52.85236
114.5987,6.931201,1.60277,52.8511
114.8087,4.572547,1.529418,53.2575
115.0087,4.546126,1.568456,53.26179
115.2087,4.64564,1.527024,53.2553
115.4087,4.556448,1.801929,53.28041
115.6087,5.088064,2.27194,53.26867
115.8087,5.282723,2.657179,53.24254
116.0087,5.286991,2.654015,53.24218
116.2087,5.243402,2.592204,53.24925
116.4087,5.310601,2.461696,53.24506
116.6087,5.300139,2.276773,53.24729
116.8087,5.340108,2.343957,53.24276
117.0087,5.335356,2.362878,53.24332
117.2086,5.342415,2.418066,53.24203
117.4087,5.403687,2.462566,53.23376
117.6087,5.445,2.398345,53.22927
117.8087,5.30305,2.20068,53.24612
118.0186,4.484314,1.931607,53.28893
118.2386,0.8189454,1.704972,52.43
118.4387,2.113998,1.379861,52.90942
118.6387,4.285969,1.566566,53.26249
118.8387,4.21979,1.655258,53.26928
119.0387,4.24529,1.977215,53.29026
119.2386,4.419656,2.348564,53.29908
119.4387,4.415741,2.416919,53.29865
119.6387,4.4564,2.353312,53.29884
119.8387,4.596397,2.329837,53.29663
120.0387,4.836339,2.126009,53.28441
120.2386,5.538285,2.17909,53.21528
120.4886,8.418946,1.448907,52.15607
120.6987,6.492663,1.382111,52.96072
120.8987,6.255104,1.739635,53.05713
121.0986,5.992508,2.006789,53.13107
121.2987,5.887649,2.06511,53.1538
121.4987,5.828955,1.75265,53.14829
121.6987,6.196592,1.724608,53.0698
121.8987,6.334364,1.962942,53.05133
122.0986,6.36698,2.009926,53.04514
122.2987,6.478679,1.99463,53.01522
122.4987,6.431293,2.019998,53.02894
122.6987,6.469581,2.022202,53.01876
122.9187,3.169255,2.34044,53.20512
123.1387,2.496606,2.15026,53.06936
123.3387,2.922578,2.035566,53.15767
123.5686,1.029994,2.016057,52.55184
123.7686,3.025339,1.899159,53.17005
123.9687,3.434025,1.938869,53.23215
124.1687,3.59573,2.215986,53.45516
124.3687,4.16055,2.123031,54.49546
124.5686,3.740575,2.121564,55.08795
124.7987,6.821842,1.236721,56.33102
124.9987,6.044961,1.367324,57.56379
125.1987,5.792929,1.466298,58.4833
125.3987,5.792929,1.466298,58.4833
125.6487,5.334053,-0.08059311,60.67708
125.8486,5.375524,1.019405,61.90183
126.0487,5.377366,1.013,61.9544
126.2487,5.76401,0.9823889,63.93637
126.4487,7.326582,1.397886,64.79955
126.6487,6.838456,1.421154,65.90456
126.8587,4.39558,1.419672,67.07935
127.0587,4.285493,1.478698,67.17429
127.2686,5.172133,1.745372,69.23531
127.4687,4.64235,1.552453,70.24236
127.6687,4.634582,1.552038,70.29305
127.8887,2.525664,1.433638,71.98824
128.0986,4.789119,1.027381,73.375
128.2987,4.371639,1.770618,74.47514
128.4987,4.264407,2.202245,75.50871
128.6987,4.254661,2.146739,76.52679
128.8987,4.043548,2.124104,77.53788
129.0986,4.020472,2.219182,78.5584
129.2987,4.114145,1.136221,79.51477
129.4987,4.04561,1.215764,80.50959
129.6987,3.990738,1.212943,81.56261
129.8987,3.882393,1.538381,82.5895
130.0986,3.927744,1.739028,83.28731
130.2987,3.860395,1.550904,83.26456
130.4987,3.757475,1.44926,83.24483
130.6987,4.093727,1.91474,83.30209
130.8987,3.779119,2.087914,83.29029
131.0986,3.54173,1.899575,83.26002
131.2987,3.645658,1.954024,83.2735
131.4987,4.861588,1.882356,83.2939
131.6987,4.610386,1.737766,83.29478
131.8987,4.273718,1.875657,83.30505
132.0986,4.167403,1.892718,83.30338
132.3186,4.208617,2.023556,83.31057
132.5186,4.280286,1.993195,83.31092
132.7187,4.497669,1.783431,83.30005
132.9187,4.562696,1.833636,83.30232
133.1487,-0.3712516,2.028845,81.72508
133.3486,2.201728,1.693243,82.9816
133.5487,3.819861,1.80376,83.27989
133.7487,3.845778,2.026788,83.2933
133.9487,3.806474,2.09522,83.29266
134.1587,4.515466,0.6739583,83.14595
134.3587,4.126556,0.6255713,83.1311
134.5686,2.946846,1.870613,83.17054
134.7686,3.280573,2.268345,83.23837
134.9687,3.265125,2.254267,83.23604
135.1786,5.000785,1.971413,83.28928
135.3987,1.723426,1.682185,82.82631
135.5986,1.904479,2.203684,82.91504
135.7987,2.845959,1.988892,83.157
135.9987,3.211984,2.185469,83.22723
136.1987,3.294984,2.515645,83.23831
136.3987,3.381171,2.096684,83.24891
136.5986,2.7674,1.719344,83.12471
136.8186,1.514157,1.676077,82.74761
137.0186,1.289653,1.148295,82.5901
137.2386,3.909247,1.331134,83.24097
137.4387,3.61353,1.401604,83.22518
137.6387,4.260546,1.553742,83.28014
137.8486,6.004303,1.580739,83.12315
138.0487,5.863524,1.769867,83.16631
138.2487,5.134183,1.783609,83.26765
138.4487,4.762597,1.942945,83.30199
138.6487,4.815683,2.030958,83.30323
138.8486,4.785067,1.963269,83.3019
139.0487,4.785067,1.963269,83.3019
139.2686,5.622069,1.590478,83.19241
139.4687,5.694958,1.730753,83.19282
139.6687,5.984045,1.582566,83.1275
139.8687,5.904778,1.691303,83.15253
140.0686,5.875933,1.696949,83.15845
140.2686,5.873352,1.699355,83.15912
140.4687,5.86481,1.738709,83.16376
140.6887,8.518049,1.407109,82.12257
140.8887,5.730774,1.869973,83.19614
141.0887,5.369807,2.00936,83.25491
141.2887,5.577207,2.258885,83.23317
141.4886,5.469632,2.204707,83.24759
141.6887,5.648365,2.115675,83.21986
141.8887,5.648365,2.115675,83.21986
142.0986,6.909391,1.466034,82.87001
142.2987,7.433527,1.810122,82.70803
142.4987,6.702053,1.898098,82.97186
142.6987,6.682676,1.942389,82.98002
142.8987,5.713002,1.957571,83.20365
143.0986,4.77385,1.706742,83.28664
143.3287,3.8164,2.032844,83.29128
143.5287,4.579267,1.456171,83.26978
143.7287,4.612949,1.677024,83.28999
143.9286,4.756254,1.769148,83.292
144.1286,5.701913,1.902599,83.20273
144.3486,4.241637,1.862607,83.30369
144.5487,5.188028,1.868009,83.26786
144.7487,5.239111,1.931844,83.2662
144.9487,5.180183,1.875517,83.26903
145.1487,5.265808,1.84159,83.2583
145.3486,5.249717,1.874623,83.26205
145.5487,5.219739,1.862968,83.26448
145.7487,5.375688,1.905147,83.24931
145.9487,5.285519,1.84221,83.25626
146.1487,5.223701,1.761026,83.25748
146.3486,5.140252,1.895867,83.27396
146.5487,5.186623,1.909317,83.27032
146.7487,4.901552,1.522683,83.26335
146.9586,6.176373,1.379027,83.06411
147.1586,5.772988,1.455152,83.15388
147.3587,4.511453,1.727076,83.29577
147.5686,6.313161,1.629841,83.05826
147.7686,6.200452,1.602766,83.08263
147.9687,5.725083,1.63173,83.17966
148.1687,5.704564,1.649899,83.18472
148.3786,7.553047,1.715083,82.65073
148.5787,7.222687,1.72048,82.78405
148.7787,8.435175,1.504172,82.18419
148.9787,6.395762,1.802541,83.05116
149.1786,6.938068,2.061877,82.90471
149.3786,6.941579,2.142981,82.90593
149.5787,6.990694,2.185534,82.89029
149.7787,7.038456,1.660941,82.84592
149.9886,5.193812,2.05169,83.27579
150.1887,7.042693,1.82514,82.85708
150.3887,7.042498,1.959195,82.86485
150.5986,4.392639,1.95963,83.31042
150.7987,3.728047,2.245158,83.28915
150.9987,5.160065,1.822258,83.26785
151.1987,5.400654,1.760951,83.23735
151.3987,5.483299,1.78926,83.22855
151.5986,5.519907,1.618766,83.21014
151.7987,5.519907,1.618766,83.21014
152.0186,4.363039,1.274087,83.24931
152.2187,5.372916,1.508488,83.21872
152.4187,5.29865,1.630675,83.23906
152.6187,4.695424,1.682371,83.28794
152.8186,4.551411,1.719118,83.29465
153.0186,6.229759,1.679936,83.0826
153.2287,7.179155,1.568485,82.78648
153.4286,5.378614,1.635033,83.23004
153.6286,5.064951,1.839496,83.27723
153.8387,2.197463,0.3130691,82.73849
154.0387,2.550608,0.17522,82.7965
154.2386,2.57068,-0.009047985,82.74615
154.4687,5.559885,1.724398,83.21306
154.6786,1.695758,0.2682393,82.55727
154.8786,1.695416,0.1816585,82.532
155.0787,1.709802,0.2667873,82.56207
155.2787,1.708211,0.3563443,82.58647
155.4987,5.471949,1.764078,83.2283
155.7187,7.784931,1.628863,82.53913
155.9187,7.51205,1.61546,82.65923
156.1187,6.951309,2.140719,82.90263
156.3186,6.730179,2.268579,82.97508
156.5186,6.755944,2.503557,82.96538
156.7187,6.950388,2.45508,83.65591
156.9187,7.407875,2.253336,84.52013
157.1187,8.137264,1.852261,85.1395
157.3186,8.268642,1.327658,86.07414
157.5186,8.578487,1.060067,86.97157
157.7187,8.614271,0.9623636,87.02986
157.9286,3.13725,-0.5176921,89.20593
158.1286,4.323651,-0.2948694,90.8068
158.3287,4.463892,-0.1787248,91.78395
158.5287,4.85497,-0.05015612,92.93482
158.7287,4.164261,-0.07673931,93.70291
158.9286,4.164261,-0.07673931,93.70291
159.1487,3.401533,1.097905,96.16982
159.3486,3.506571,0.7125766,97.17719
159.5587,5.403672,1.000263,98.38171
159.7587,5.324964,1.036455,98.50185
159.9687,3.492418,0.9084002,100.3903
160.1687,3.485969,0.8269083,101.3679
160.3687,3.634622,0.847857,101.9727
160.5686,3.634622,0.847857,101.9727
160.7887,3.297805,0.3358384,104.4461
160.9886,3.113913,0.5245014,105.4492
161.1987,5.126058,0.7541829,106.7022
161.3987,4.951703,0.7451615,107.725
161.5986,4.020605,0.7418451,108.726
161.7987,5.186171,0.7968448,109.7585
161.9987,5.095104,1.085284,110.8153
162.1987,4.604128,1.513435,111.9324
162.3987,4.382444,1.746952,112.9536
162.5986,4.422888,1.800368,113.2719
162.7987,4.467775,1.755533,113.2702
163.0186,6.414182,1.939914,113.0246
163.2287,4.299423,1.090509,113.1953
163.4286,4.400429,1.228517,113.2165
163.6286,4.869802,1.554707,113.2414
163.8287,4.813675,1.544364,113.2435
164.0287,4.28587,1.418564,113.2397
164.2287,4.312166,1.384415,113.2361
164.4286,4.691462,1.257979,113.2154
164.6286,4.726719,1.365655,113.2279
164.8387,3.079224,1.403219,113.1274
165.0387,4.57032,1.338718,113.2293
165.2386,5.845276,1.494143,113.1175
165.4586,2.85708,1.558104,113.1032
165.6586,3.681792,2.020092,113.2535
165.8587,4.098189,2.256903,113.2859
166.0587,4.529922,2.388672,113.2909
166.2587,4.529922,2.388672,113.2909
166.4586,4.895998,2.567038,113.2733
166.6586,4.841357,2.434435,113.2794
166.8587,4.699331,2.547199,113.2836
167.0587,4.671729,2.541625,113.2847
167.2587,4.704952,2.555661,113.2831
167.4586,4.680517,2.525367,113.2848
167.6586,4.741077,2.451616,113.284
167.8587,4.761595,2.44849,113.2832
168.0587,3.84113,2.299751,113.2721
168.2587,4.724745,2.576768,113.2817
168.4586,4.988995,2.622642,113.2652
168.6586,4.934166,2.868644,113.2561
168.8587,4.957547,2.760715,113.2611
169.0587,4.692829,2.745487,113.2759
169.2587,4.548194,2.659915,113.2839
169.4586,4.526224,2.675564,113.2835
169.6586,4.586353,2.490906,113.2883
169.8587,4.572572,2.551586,113.2871
170.0587,4.553887,2.546165,113.2877
170.2686,1.800387,2.80178,112.8409
170.4687,2.02094,2.399669,112.928
170.6687,3.763931,2.431688,113.2656
170.8687,4.097128,2.562898,113.2826
171.0686,4.070776,2.572489,113.2812
171.2686,4.108484,2.80682,113.272
171.4687,4.042825,2.788162,113.2704
171.6687,3.829558,2.758647,113.2595
171.8687,3.922751,2.456282,113.2764
172.0686,3.860167,2.433817,113.2728
172.2686,3.969258,2.555542,113.2768
172.4687,3.820252,2.698379,113.2619
172.6687,3.820252,2.698379,113.2619
172.8786,4.983051,1.765269,113.2515
173.0787,4.1863,2.911971,113.2676
173.2787,4.190144,2.97812,113.2625
173.4787,4.190144,2.97812,113.2625
173.6786,4.190144,2.97812,113.2625
173.8786,4.190144,2.97812,113.2625
174.0787,4.190144,2.97812,113.2625
174.2787,4.190144,2.97812,113.2625
174.4787,4.190144,2.97812,113.2625
174.6786,4.190144,2.97812,113.2625
174.8786,4.190144,2.97812,113.2625
175.0787,4.190144,2.97812,113.2625
175.2787,4.190144,2.97812,113.2625
175.4787,4.190144,2.97812,113.2625
175.6786,4.190144,2.97812,113.2625
175.8786,4.190144,2.97812,113.2625
176.0787,4.190144,2.97812,113.2625
176.2787,4.190144,2.97812,113.2625
176.4787,4.190144,2.97812,113.2625
176.6786,4.190144,2.97812,113.2625
176.8786,4.190144,2.97812,113.2625
177.0787,4.190144,2.97812,113.2625
177.2787,4.190144,2.97812,113.2625
177.4787,4.190144,2.97812,113.2625
177.6786,4.190144,2.97812,113.2625
177.8786,4.190144,2.97812,113.2625
178.0787,4.190144,2.97812,113.2625
178.2787,4.190144,2.97812,113.2625
178.4787,4.190144,2.97812,113.2625
178.6786,4.190144,2.97812,113.2625
178.8786,4.190144,2.97812,113.2625
179.0787,4.190144,2.97812,113.2625
179.2787,4.190144,2.97812,113.2625
179.4787,4.190144,2.97812,113.2625
179.6786,4.190144,2.97812,113.2625
179.8786,4.190144,2.97812,113.2625
180.0787,4.190144,2.97812,113.2625
180.2787,4.190144,2.97812,113.2625
180.4787,4.190144,2.97812,113.2625
180.6786,4.190144,2.97812,113.2625
180.8786,4.190144,2.97812,113.2625
181.0787,4.190144,2.97812,113.2625
181.2787,4.190144,2.97812,113.2625
